cds14,year,ela_pct_met,math_pct_met,ela_mean,math_mean,ela_n,math_n
01100170112607,2021,52.46,22.03,2579.7,2533.3,62,63
01611270130450,2021,91.2,83.49,2715.3,2732.4,217,219
01611430131177,2021,95.95,73.21,2740.6,2723.8,74,56
01611500132225,2021,84.99,86.35,2683.7,2735.5,480,249
01611500133876,2021,60.0,34.38,2616.8,2578.9,35,32
01611500135533,2021,30.0,9.09,2517.3,2492.1,22,23
01611680132746,2021,29.73,9.76,2535.4,2492.0,37,41
01611760130062,2021,89.6,81.74,2732.6,2742.9,598,599
01611760130138,2021,27.27,8.82,2524.8,2496.3,46,35
01611760134270,2021,87.93,79.93,2717.9,2743.2,549,543
01611760134452,2021,69.17,53.39,2633.7,2633.4,245,255
01611760135244,2021,93.65,93.73,2750.3,2794.6,505,511
01611760138693,2021,73.68,60.87,2657.2,2664.7,420,419
01611920108670,2021,61.81,26.21,2608.9,2563.7,145,145
01611920137646,2021,64.76,30.0,2619.9,2571.5,105,102
01612000130393,2021,57.14,42.86,2601.7,2548.6,14,14
01612000132670,2021,30.56,5.88,2513.9,2465.6,36,34
01612000133397,2021,67.5,48.12,2632.6,2625.2,360,352
01612000134536,2021,74.18,59.67,2648.0,2643.0,308,302
01612420110460,2021,15.38,0.0,2480.8,2472.6,13,21
01612420126763,2021,47.06,18.75,2578.8,2554.3,34,32
01612420134668,2021,70.92,45.68,2640.9,2621.6,680,684
01612590100065,2021,60.24,24.1,2597.2,2568.0,83,83
01612590108944,2021,45.07,11.11,2565.2,2527.1,71,73
01612590111856,2021,50.79,39.68,2569.6,2583.8,126,126
01612590112797,2021,41.94,9.52,2552.9,2504.5,63,63
01612590114868,2021,61.05,51.06,2604.9,2617.5,96,94
01612590115238,2021,35.44,6.33,2551.6,2495.8,79,79
01612590118224,2021,36.73,21.57,2550.7,2547.4,50,51
01612590126748,2021,37.25,16.19,2548.8,2516.8,103,105
01612590129932,2021,71.43,48.84,2619.6,2614.3,42,44
01612590130575,2021,76.09,31.82,2643.1,2591.5,47,44
01612590130666,2021,48.08,22.0,2573.3,2549.3,53,50
01612750136515,2021,89.06,86.51,2719.7,2751.7,128,126
01613090114421,2021,75.71,49.66,2651.9,2632.6,144,145
01771800138289,2021,24.24,8.33,2503.5,2494.6,34,36
03739810330019,2021,12.5,0.0,2486.0,2411.6,16,17
03739810330753,2021,42.99,17.65,2569.6,2539.9,107,102
03739810334755,2021,50.79,21.31,2576.8,2535.2,126,124
04100410114991,2021,70.09,35.51,2625.6,2583.1,108,107
04100410134213,2021,27.27,,2509.7,,11,
04100410430090,2021,27.78,16.67,2554.1,2501.7,18,18
04614080430827,2021,45.83,4.26,2548.4,2467.9,48,47
04614240120394,2021,74.44,37.65,2641.4,2590.4,92,85
04614240430199,2021,50.88,18.52,2576.0,2524.8,57,54
04614240431502,2021,19.3,1.96,2515.4,2460.7,58,52
04614240431676,2021,79.04,39.63,2651.1,2591.8,335,328
04614240437558,2021,80.78,54.82,2662.7,2632.0,359,363
04614320433201,2021,55.17,43.86,2597.2,2572.9,58,57
04615150434803,2021,50.38,18.7,2572.8,2521.9,133,123
04615150435602,2021,51.82,21.1,2574.3,2525.7,111,109
04615150437566,2021,12.5,0.0,2447.8,2423.2,16,14
04615310121715,2021,34.78,17.65,2555.3,2504.8,23,17
04615310432856,2021,3.57,11.11,2443.2,2474.2,28,27
04615310437350,2021,52.22,27.78,2591.1,2564.8,91,90
04755070433946,2021,22.73,0.0,2458.7,2402.0,23,22
04755070433953,2021,76.92,40.16,2635.2,2581.4,130,127
05100580530154,2021,54.55,9.43,2590.6,2507.8,55,54
05615640531509,2021,50.0,26.47,2572.8,2548.1,103,103
06615980630012,2021,8.33,0.0,2450.4,2439.3,12,11
06615980630046,2021,40.91,5.26,2547.6,2469.2,22,19
06615980631259,2021,69.35,33.85,2618.0,2581.9,64,65
07100740114470,2021,58.89,14.61,2605.2,2537.8,90,89
07100740731380,2021,88.33,,2682.4,,60,
07616300730283,2021,84.8,72.91,2681.1,2698.5,251,252
07616300731125,2021,90.0,78.19,2724.1,2716.2,301,298
07616300733725,2021,82.67,65.89,2678.5,2678.7,331,299
07616300734244,2021,85.1,79.71,2698.7,2720.6,208,208
07616480110494,2021,0.0,,2438.1,,21,
07616480117218,2021,73.68,35.71,2637.3,2583.7,154,141
07616480730101,2021,10.71,0.0,2490.9,2440.5,28,24
07616480730259,2021,40.91,9.52,2577.1,2485.0,23,21
07616480730465,2021,51.35,34.29,2580.9,2589.0,188,178
07616480730861,2021,58.45,22.83,2596.7,2547.0,151,95
07616630130930,2021,60.0,24.62,2628.4,2538.0,65,65
07617390730440,2021,15.38,,2480.3,,13,
07617390730473,2021,30.77,21.43,2509.1,2466.9,13,14
07617390730549,2021,64.38,45.27,2615.9,2615.4,219,201
07617540730044,2021,84.91,64.84,2677.9,2676.6,286,274
07617540730358,2021,17.65,0.0,2493.7,2450.2,18,11
07617540731646,2021,69.73,56.44,2639.4,2644.2,342,329
07617540731836,2021,39.05,27.34,2549.1,2562.6,107,128
07617540734566,2021,48.23,23.57,2573.2,2548.7,147,145
07617540734764,2021,10.71,8.89,2454.4,2457.9,59,50
07617540737809,2021,33.53,14.37,2539.9,2484.7,173,167
07617960101477,2021,46.15,14.5,2561.4,2528.5,134,133
07617960132100,2021,51.47,8.57,2565.0,2495.7,68,70
07617960730291,2021,87.5,67.69,2675.9,2654.8,64,65
07617960730325,2021,33.33,,2531.4,,12,
07618040113118,2021,97.22,,2745.1,,36,
07618040730051,2021,,91.67,,2772.9,,24
07618040734368,2021,80.0,66.67,2681.7,2690.9,15,15
07773540132233,2021,53.06,8.33,2587.8,2520.7,49,48
08618200833004,2021,48.04,22.22,2557.1,2538.4,106,91
08618200836205,2021,26.32,5.26,2509.6,2465.3,57,57
09100900930123,2021,52.73,32.73,2586.7,2561.5,55,57
09100900930131,2021,8.33,8.33,2493.2,2421.4,12,12
09618530930081,2021,74.47,54.8,2658.4,2643.3,471,427
09618530930164,2021,67.08,31.22,2624.2,2572.9,243,237
09618530930214,2021,90.0,66.67,2699.9,2624.7,20,18
09618530932756,2021,60.85,30.29,2604.5,2561.4,212,208
09618530934554,2021,20.0,8.7,2515.3,2498.8,21,23
09618530936302,2021,82.26,66.04,2672.5,2661.5,124,106
09737830121566,2021,66.67,27.27,2601.8,2544.7,12,11
09737830930073,2021,65.08,22.22,2609.6,2555.0,63,63
10101080109991,2021,43.8,5.76,2559.2,2478.4,348,347
10101080119628,2021,33.33,0.0,2562.9,2451.4,21,21
10101080136291,2021,76.36,39.22,2650.4,2600.4,55,52
10101081030337,2021,21.05,2.63,2480.8,2437.7,38,38
10101086069488,2021,21.43,0.0,2469.9,2428.6,14,14
10621251031376,2021,41.12,15.38,2554.6,2516.1,200,196
10621581031954,2021,16.67,0.0,2488.8,2496.9,12,12
10621581032150,2021,53.55,26.78,2589.4,2557.1,184,183
10621660114553,2021,99.08,78.18,2738.3,2702.0,110,110
10621660132134,2021,68.18,11.36,2607.7,2526.4,44,44
10621661030279,2021,54.55,28.33,2582.0,2561.1,456,418
10621661030287,2021,25.64,0.0,2489.8,2461.2,39,23
10621661030295,2021,49.03,13.85,2577.0,2525.5,268,261
10621661030584,2021,13.85,0.0,2500.9,2422.9,65,65
10621661030675,2021,47.22,13.2,2567.2,2528.0,483,463
10621661030840,2021,21.88,0.0,2507.1,2432.2,96,94
10621661031632,2021,8.96,0.0,2473.1,2428.8,67,67
10621661031897,2021,66.73,35.41,2619.2,2575.8,549,502
10621661032507,2021,38.26,9.9,2545.4,2499.8,279,306
10621661032911,2021,39.46,13.52,2555.1,2518.0,269,249
10621661034214,2021,30.9,10.04,2519.2,2500.0,311,276
10621661035831,2021,41.06,13.76,2549.0,2503.8,353,310
10622570124727,2021,47.83,13.04,2575.6,2500.1,23,23
10622571033695,2021,69.88,33.2,2633.8,2578.9,249,247
10622571033729,2021,25.0,0.0,2490.9,2468.6,24,24
10622650108092,2021,67.57,22.73,2627.0,2543.0,111,110
10622650116640,2021,64.71,23.53,2648.2,2560.5,17,17
10622650126292,2021,95.16,40.32,2729.3,2597.7,62,62
10622651030378,2021,29.69,1.52,2509.6,2449.4,64,66
10622651033703,2021,15.79,0.0,2499.7,2448.7,57,58
10622651035310,2021,69.6,31.64,2625.6,2575.3,375,373
10622811033950,2021,55.56,7.41,2586.8,2495.4,27,27
10623310137661,2021,62.5,18.18,2598.1,2533.9,66,66
10623641034990,2021,31.54,5.73,2531.5,2465.7,149,157
10623800136499,2021,20.0,0.0,2491.9,2461.3,60,60
10624141030451,2021,28.57,0.0,2470.6,2417.1,14,14
10624141030766,2021,71.79,28.21,2631.7,2567.3,39,39
10624141036086,2021,0.0,,2435.8,,15,
10624141036094,2021,66.43,23.88,2615.4,2548.9,569,583
10624301036672,2021,63.13,21.67,2615.7,2544.5,322,272
10625396112387,2021,34.78,0.0,2551.9,2469.4,46,45
10625470136523,2021,23.43,3.63,2516.9,2462.6,304,303
10738091030121,2021,59.65,10.0,2597.2,2508.3,171,170
10739651030386,2021,30.77,0.0,2520.7,2440.5,26,26
10739651030626,2021,40.81,18.71,2553.4,2545.8,693,640
10739651035112,2021,8.33,0.0,2420.9,2408.8,25,23
10739991033422,2021,17.86,0.0,2511.8,2430.1,28,28
10739991033430,2021,49.32,16.48,2577.5,2525.5,365,365
10751271030493,2021,42.42,13.92,2557.7,2513.9,198,195
10752341037456,2021,38.55,17.39,2546.9,2540.8,85,72
10752751036938,2021,60.34,18.03,2614.7,2542.9,58,61
10752756112544,2021,54.55,,2601.6,,11,
10754081030253,2021,18.18,,2494.0,,11,
10754081035575,2021,48.33,30.25,2580.8,2562.1,120,120
10755981030535,2021,52.86,8.33,2584.2,2487.9,70,72
10767780122473,2021,13.33,,2477.3,,15,
10767781030774,2021,19.44,5.56,2482.6,2424.8,36,36
10767781038306,2021,51.79,14.59,2575.6,2523.4,199,188
11101161130103,2021,42.86,0.0,2576.1,2483.4,14,14
11626461136209,2021,25.0,16.67,2517.2,2514.3,12,12
11626611132851,2021,47.37,13.04,2566.2,2507.3,95,92
11754811130012,2021,7.69,,2483.4,,13,
11754811135656,2021,44.53,16.67,2563.7,2513.5,137,138
11765621133701,2021,63.33,23.33,2615.3,2553.3,60,60
12101240106161,2021,0.0,,2388.2,,12,
12101240134163,2021,92.86,53.85,2715.0,2651.6,14,14
12101240137364,2021,62.5,28.57,2596.5,2576.3,26,25
12626870107110,2021,54.55,,2585.8,,12,
12626871230044,2021,23.08,9.09,2510.8,2460.4,13,11
12626871230705,2021,75.42,47.83,2649.8,2616.2,120,115
12626871235209,2021,40.91,19.05,2568.3,2547.1,23,22
12628100108688,2021,82.86,38.89,2668.0,2606.8,35,36
12628101233402,2021,37.8,12.92,2554.6,2506.0,166,178
12753741232909,2021,25.0,18.18,2484.3,2505.5,32,33
12755151230150,2021,41.67,9.09,2570.8,2514.6,12,11
12755151232057,2021,21.05,0.0,2486.5,2466.5,19,19
12755151232206,2021,48.21,24.58,2573.9,2545.0,199,183
12755151275515,2021,61.54,0.0,2567.3,2469.8,13,11
13630811331354,2021,14.71,3.03,2480.5,2469.8,34,33
13630811331404,2021,51.94,26.79,2585.5,2557.9,351,301
13630991332154,2021,0.0,0.0,2390.6,2420.4,11,13
13630991332204,2021,49.03,29.5,2567.9,2556.3,675,647
13631071332501,2021,57.32,13.58,2608.9,2510.9,82,81
13631151330133,2021,62.66,25.0,2614.5,2541.8,317,288
13631151333004,2021,63.57,21.4,2605.7,2549.1,291,286
13631151333558,2021,37.84,8.0,2553.9,2465.9,37,25
13631491335306,2021,45.9,29.51,2568.5,2578.7,122,122
13631641335900,2021,60.5,19.35,2611.1,2540.3,200,186
14101400117994,2021,21.69,2.9,2494.0,2447.1,85,69
14101400128447,2021,6.67,0.0,2490.7,2430.3,16,12
14101400128454,2021,13.89,0.0,2477.9,2422.2,36,37
14632891434901,2021,33.33,10.0,2575.0,2466.4,30,30
14766871430057,2021,0.0,0.0,2469.8,2452.9,14,14
14766871431600,2021,55.66,27.68,2589.0,2560.0,106,113
15101570119669,2021,58.78,31.25,2601.9,2566.4,151,145
15101571530302,2021,0.0,0.0,2434.8,2382.6,44,43
15101571530310,2021,14.41,0.0,2477.9,2433.7,112,109
15634120100529,2021,63.27,38.52,2623.8,2587.4,297,288
15634120116384,2021,56.4,17.77,2594.3,2535.0,213,197
15634121531656,2021,8.0,0.0,2483.1,2480.6,25,18
15634121531672,2021,56.33,27.56,2596.4,2575.7,257,262
15635290100198,2021,74.67,,2639.3,,75,
15635290110999,2021,97.96,,2722.9,,49,
15635291530252,2021,98.28,,2722.3,,58,
15635291530369,2021,95.56,,2744.9,,45,
15635291530476,2021,96.15,,2721.6,,26,
15635291530708,2021,,18.18,,2564.8,,123
15635291532290,2021,93.33,,2682.9,,15,
15635291532605,2021,79.35,,2642.9,,92,
15635291533330,2021,92.86,,2678.5,,14,
15635291535087,2021,92.31,,2671.8,,13,
15635291535392,2021,87.5,,2686.2,,24,
15635291536606,2021,94.12,,2673.9,,17,
15636280127209,2021,32.14,4.42,2501.8,2459.4,114,114
15636280134312,2021,67.33,23.38,2620.8,2541.0,202,202
15636280137687,2021,48.0,18.0,2575.9,2520.5,50,50
15636280138131,2021,68.48,22.42,2628.0,2551.4,165,165
15636281533843,2021,0.0,,2442.1,,17,
15636851530997,2021,20.59,9.68,2487.1,2465.6,34,31
15636851531987,2021,62.5,33.33,2620.1,2565.5,64,63
15638181530138,2021,28.13,0.0,2522.7,2424.6,32,25
15638181535905,2021,47.62,9.09,2575.8,2496.9,168,154
15638261536135,2021,56.0,33.33,2605.4,2566.7,177,151
15638591530351,2021,9.68,0.0,2473.5,2429.6,31,29
15638591536440,2021,52.42,16.09,2577.6,2521.8,332,317
15737421530054,2021,17.14,0.0,2509.7,2445.9,35,35
15737421531367,2021,69.96,36.76,2624.7,2575.9,255,254
15739081530146,2021,21.74,0.0,2480.7,2427.3,23,23
15739081534155,2021,38.67,16.07,2534.7,2520.9,225,224
15751681530401,2021,66.67,17.5,2632.3,2527.7,45,41
16638750101717,2021,30.43,0.0,2545.9,2464.7,23,23
16638750112698,2021,59.38,28.13,2605.8,2551.4,32,32
16638911632207,2021,68.82,16.04,2612.2,2535.7,189,187
16639580136556,2021,31.36,4.27,2536.8,2477.0,237,234
16639820110205,2021,83.33,37.5,2659.5,2599.8,48,48
16639820136234,2021,48.65,7.89,2581.6,2485.6,37,38
16639821630011,2021,11.76,2.94,2477.8,2472.3,34,34
16639821635606,2021,58.77,26.75,2603.9,2560.6,406,401
16739321630953,2021,46.83,19.84,2565.2,2533.9,131,132
17640141734359,2021,40.59,9.28,2548.9,2479.2,101,97
17640220132571,2021,57.14,10.0,2585.2,2510.2,22,20
17640221735000,2021,33.7,2.22,2540.4,2481.2,92,91
17640301732304,2021,49.28,16.9,2588.0,2534.5,69,71
17640551736008,2021,38.64,9.3,2538.9,2495.5,88,86
17769761737006,2021,52.5,7.14,2576.2,2491.4,40,42
18641391833805,2021,46.86,13.48,2568.4,2516.5,175,178
18641960135756,2021,23.08,7.69,2527.0,2457.3,26,26
18642041838507,2021,50.0,7.14,2586.7,2522.3,14,14
18750360121657,2021,38.89,11.11,2549.9,2509.1,18,18
18750366010763,2021,54.17,8.33,2603.0,2487.8,24,24
19101990100776,2021,14.29,1.41,2476.5,2443.1,70,71
19101990112128,2021,62.79,38.55,2619.1,2597.6,86,84
19101990115030,2021,69.77,34.09,2624.6,2582.0,44,45
19101990115212,2021,46.34,24.39,2590.1,2571.8,41,41
19101990121822,2021,0.0,0.0,2400.5,2357.3,32,32
19101990121897,2021,2.78,0.0,2409.6,2373.4,37,36
19101990121905,2021,21.43,,2468.2,,14,
19101990121921,2021,0.0,,2383.9,,27,
19101990121954,2021,,12.5,,2465.9,,16
19101990135582,2021,37.5,3.33,2533.4,2458.9,24,30
19101990137679,2021,30.77,7.69,2495.0,2551.1,16,13
19101991933399,2021,93.18,48.72,2659.5,2613.8,44,40
19101991995869,2021,83.17,51.49,2668.5,2644.2,102,101
19101991996214,2021,20.97,1.92,2486.5,2455.5,63,52
19101996119945,2021,45.95,25.68,2570.1,2552.5,74,74
19642461996537,2021,41.45,6.54,2566.3,2491.2,152,153
19642611930288,2021,72.48,71.0,2647.8,2695.6,626,572
19642611995299,2021,40.0,33.33,2516.8,2551.7,15,15
19642871930601,2021,72.08,27.27,2632.1,2564.4,353,332
19642871936384,2021,8.93,0.0,2452.3,2452.9,61,58
19642871938166,2021,58.22,25.06,2595.7,2554.5,376,403
19642871996479,2021,46.85,7.34,2569.8,2490.3,587,586
19642951930700,2021,52.54,29.33,2587.3,2549.8,179,150
19642951936491,2021,18.52,3.57,2497.7,2486.5,28,28
19643031930775,2021,92.86,51.85,2688.1,2627.4,56,27
19643031935618,2021,94.23,71.43,2699.9,2675.2,52,42
19643111930981,2021,76.83,55.51,2658.2,2636.5,246,272
19643291937739,2021,,64.71,,2680.8,,17
19643371931187,2021,72.46,65.63,2662.1,2668.6,70,65
19643371931237,2021,73.54,49.38,2642.9,2623.5,327,323
19643371933332,2021,5.56,0.0,2485.7,2455.1,18,15
19643520128496,2021,30.77,0.0,2543.2,2443.4,13,12
19643521930239,2021,7.84,1.89,2471.2,2434.7,55,55
19643521933951,2021,44.79,10.95,2561.5,2508.5,414,420
19643521934926,2021,41.99,15.92,2548.8,2519.6,493,491
19643521935048,2021,47.0,19.12,2565.1,2525.1,438,437
19643781931666,2021,58.82,46.38,2598.2,2620.3,179,238
19643941931823,2021,84.67,71.63,2682.4,2683.3,153,142
19644441932201,2021,69.03,47.69,2632.8,2623.0,496,479
19644690134858,2021,80.25,47.48,2665.5,2615.3,244,238
19644691932482,2021,42.42,31.46,2562.6,2574.0,110,99
19645270133835,2021,64.62,25.81,2607.2,2567.5,65,63
19645271932698,2021,10.42,0.0,2454.7,2447.5,50,55
19645271932706,2021,61.63,37.33,2599.4,2583.2,412,385
19645351932763,2021,74.4,63.74,2638.9,2662.5,168,171
19645681932144,2021,85.04,69.27,2694.4,2683.5,550,551
19645681933472,2021,11.94,1.52,2470.9,2442.5,67,66
19645681933530,2021,52.02,33.62,2583.2,2582.3,381,371
19645681934082,2021,49.43,43.27,2579.1,2608.4,348,349
19645681995497,2021,57.14,47.62,2640.6,2592.5,21,21
19645681996131,2021,84.31,73.26,2665.9,2685.4,274,273
19645920100354,2021,78.57,50.65,2654.3,2627.4,154,154
19646341934231,2021,29.51,6.74,2530.7,2487.0,184,179
19646341934249,2021,0.0,0.0,2429.5,2450.4,21,19
19646341936046,2021,39.77,7.59,2546.6,2493.1,91,82
19646341996529,2021,69.51,20.99,2616.2,2538.5,85,82
19646831930080,2021,93.88,46.94,2703.0,2601.8,50,49
19646831931781,2021,64.71,36.36,2607.9,2570.8,20,44
19646911996438,2021,60.19,22.12,2606.6,2548.8,108,113
19647090100602,2021,59.23,31.06,2585.6,2579.1,134,133
19647250127381,2021,79.23,53.55,2666.2,2624.8,183,183
19647250132324,2021,93.62,89.36,2722.4,2726.6,94,94
19647250135525,2021,41.1,9.33,2548.4,2492.1,74,75
19647251930411,2021,46.88,25.81,2575.6,2521.1,32,31
19647251934470,2021,35.07,12.7,2536.5,2514.9,281,264
19647251934678,2021,63.07,32.83,2612.6,2581.0,530,530
19647251935758,2021,76.08,52.84,2653.4,2623.9,473,419
19647251936947,2021,71.86,54.4,2652.0,2633.2,604,581
19647251937176,2021,5.0,0.0,2460.5,2423.3,20,20
19647251939875,2021,63.5,28.33,2612.3,2563.2,626,595
19647251995539,2021,97.48,98.14,2761.0,2793.6,159,161
19647251995570,2021,34.48,3.77,2552.6,2470.1,58,53
19647251995935,2021,52.04,22.22,2582.7,2536.0,98,108
19647251996503,2021,67.19,32.79,2622.8,2568.5,65,62
19647330100677,2021,77.27,50.56,2646.6,2622.7,89,89
19647330100750,2021,39.78,14.12,2549.3,2517.8,97,85
19647330100800,2021,56.48,39.42,2594.2,2584.3,110,105
19647330101196,2021,52.22,19.1,2567.8,2526.2,93,90
19647330101329,2021,7.14,0.0,2443.4,2406.8,14,13
19647330101683,2021,86.21,65.52,2703.6,2660.3,29,29
19647330102137,2021,36.36,16.67,2522.5,2465.0,11,12
19647330102541,2021,54.0,19.19,2587.6,2532.7,101,99
19647330102764,2021,9.09,0.0,2435.9,2488.3,12,13
19647330102913,2021,91.84,55.1,2697.3,2644.8,98,98
19647330102921,2021,95.19,76.47,2710.1,2689.6,104,103
19647330106351,2021,52.38,35.0,2572.8,2577.6,21,20
19647330106997,2021,75.72,40.35,2650.0,2599.6,173,172
19647330107003,2021,55.33,27.21,2588.8,2554.9,156,152
19647330107011,2021,70.71,37.62,2637.5,2590.5,100,101
19647330107755,2021,68.24,34.67,2619.2,2574.7,233,225
19647330108878,2021,71.3,30.19,2640.0,2562.3,108,107
19647330109447,2021,46.97,17.39,2561.6,2525.2,269,258
19647330109454,2021,67.78,29.92,2627.8,2572.2,361,361
19647330109462,2021,32.39,12.37,2533.3,2513.5,176,186
19647330110304,2021,22.58,0.0,2516.0,2503.5,31,31
19647330110668,2021,15.0,0.0,2472.2,2414.1,20,19
19647330111484,2021,18.75,9.09,2483.0,2488.5,16,11
19647330112029,2021,45.83,13.7,2553.0,2507.9,72,73
19647330112037,2021,48.53,14.55,2565.6,2500.0,70,59
19647330112045,2021,38.95,12.31,2548.4,2540.4,177,203
19647330112052,2021,48.2,19.55,2564.1,2527.3,227,222
19647330112508,2021,61.64,37.88,2619.0,2591.9,79,72
19647330112870,2021,21.21,6.45,2509.7,2472.9,69,63
19647330114850,2021,39.44,11.72,2553.5,2504.7,144,145
19647330115253,2021,28.26,15.22,2529.5,2509.7,46,46
19647330117051,2021,35.25,17.27,2540.7,2532.0,142,141
19647330117069,2021,38.27,11.22,2522.7,2513.3,87,98
19647330117622,2021,48.0,11.54,2559.0,2512.8,26,26
19647330117721,2021,32.35,16.42,2526.2,2531.7,68,67
19647330117747,2021,47.62,7.14,2562.7,2494.4,84,84
19647330117762,2021,63.33,25.0,2601.5,2546.2,90,88
19647330117911,2021,45.0,11.63,2584.0,2519.2,41,43
19647330119685,2021,50.7,16.42,2586.9,2524.2,72,70
19647330119693,2021,47.5,26.67,2573.7,2529.2,84,75
19647330119727,2021,61.75,18.0,2602.7,2536.6,254,255
19647330119966,2021,47.06,31.08,2566.3,2575.4,137,152
19647330120071,2021,34.15,7.32,2549.8,2496.1,41,41
19647330120360,2021,52.08,14.89,2586.1,2535.3,48,47
19647330121095,2021,37.5,23.21,2543.2,2560.8,56,56
19647330122333,2021,78.18,46.3,2658.4,2622.1,111,108
19647330122341,2021,25.84,6.67,2511.6,2483.2,95,93
19647330122358,2021,32.79,6.06,2551.2,2500.4,62,67
19647330122366,2021,51.72,15.25,2597.6,2535.1,59,59
19647330122374,2021,42.71,20.83,2556.2,2545.6,96,96
19647330122382,2021,32.61,12.96,2531.3,2515.4,47,56
19647330122606,2021,46.55,20.69,2567.6,2541.7,116,116
19647330122721,2021,56.52,4.65,2599.6,2517.6,47,43
19647330124362,2021,52.32,23.78,2576.4,2547.6,152,144
19647330124370,2021,50.0,25.0,2595.6,2553.5,40,40
19647330124388,2021,68.13,14.44,2622.3,2511.5,92,95
19647330124396,2021,58.06,22.95,2587.9,2565.0,66,64
19647330124404,2021,37.97,9.09,2535.9,2505.4,79,78
19647330124412,2021,54.55,10.23,2584.6,2532.9,93,90
19647330124479,2021,19.83,5.83,2484.9,2486.5,127,129
19647330124487,2021,41.98,23.53,2545.0,2552.3,88,93
19647330124495,2021,22.97,4.05,2510.0,2482.8,75,75
19647330124503,2021,35.0,19.67,2549.4,2539.7,124,125
19647330124511,2021,40.85,10.61,2560.1,2518.8,71,69
19647330124529,2021,43.75,18.18,2558.5,2544.6,80,78
19647330124933,2021,51.56,20.31,2580.3,2554.7,64,64
19647330125864,2021,62.77,40.88,2616.6,2586.1,137,137
19647330125989,2021,48.89,22.22,2597.2,2543.3,53,63
19647330126474,2021,38.46,17.24,2542.3,2533.4,26,31
19647330126482,2021,28.33,15.0,2527.2,2515.4,60,61
19647330126490,2021,30.95,5.88,2528.1,2493.7,44,37
19647330126508,2021,22.22,5.56,2488.4,2478.9,18,18
19647330126516,2021,61.45,37.08,2609.4,2596.1,179,178
19647330126524,2021,51.91,24.44,2577.5,2568.5,132,138
19647330126532,2021,41.03,12.39,2559.0,2501.0,117,113
19647330126540,2021,59.42,34.06,2601.1,2575.9,138,138
19647330126557,2021,36.36,18.67,2561.1,2539.1,79,76
19647330126573,2021,21.35,8.33,2492.6,2509.0,90,111
19647330126615,2021,31.73,20.59,2547.6,2543.3,104,103
19647330126623,2021,76.99,28.57,2639.5,2577.4,113,112
19647330127787,2021,64.94,12.99,2600.5,2516.6,78,78
19647330127795,2021,36.0,12.33,2537.2,2493.1,76,73
19647330127803,2021,71.43,37.14,2630.1,2581.3,35,35
19647330127894,2021,44.09,25.81,2553.7,2559.1,127,126
19647330129536,2021,56.1,36.59,2587.2,2577.6,41,41
19647330129585,2021,44.93,15.91,2558.6,2512.0,138,135
19647330129627,2021,35.96,11.36,2548.9,2483.6,89,89
19647330130997,2021,43.06,15.07,2551.5,2511.7,73,74
19647330132027,2021,70.59,31.67,2625.7,2575.8,119,120
19647330132282,2021,50.0,24.0,2574.8,2547.7,74,75
19647330133272,2021,48.75,18.99,2560.8,2547.2,80,79
19647330133298,2021,46.88,32.81,2566.3,2556.0,64,64
19647330133603,2021,88.89,51.43,2678.8,2618.9,36,35
19647330133736,2021,97.62,95.24,2781.5,2779.3,42,42
19647330133868,2021,64.13,39.44,2600.3,2596.5,92,75
19647330135632,2021,40.0,26.83,2558.8,2547.6,40,41
19647330135681,2021,15.79,0.0,2488.9,2457.2,38,38
19647330135715,2021,56.03,28.33,2597.3,2581.3,117,121
19647330135723,2021,52.75,16.3,2592.8,2532.3,92,92
19647330135855,2021,58.56,32.96,2592.6,2560.8,181,181
19647330137083,2021,47.5,21.05,2560.9,2533.8,40,38
19647330137091,2021,37.84,2.13,2558.9,2487.9,42,49
19647330137612,2021,83.08,43.75,2669.7,2602.3,65,64
19647330140046,2021,42.11,7.27,2558.8,2483.1,57,55
19647331930387,2021,12.5,3.13,2476.8,2444.8,41,32
19647331930551,2021,0.0,47.54,2386.0,2589.8,61,61
19647331930650,2021,45.44,17.61,2563.5,2528.7,493,494
19647331930734,2021,22.22,5.88,2506.1,2470.9,18,17
19647331930866,2021,65.67,31.78,2613.8,2573.4,437,432
19647331930924,2021,36.84,10.81,2528.0,2502.4,115,112
19647331930940,2021,0.0,0.0,2459.0,2434.8,15,13
19647331930973,2021,18.52,0.0,2506.3,2451.9,54,48
19647331931047,2021,58.8,23.64,2605.6,2555.8,665,666
19647331931377,2021,0.0,7.14,2489.3,2479.8,13,14
19647331931393,2021,25.0,13.33,2507.5,2485.1,13,15
19647331931450,2021,10.0,5.0,2489.0,2449.5,21,21
19647331931468,2021,14.29,10.0,2483.0,2457.4,21,20
19647331931476,2021,50.81,20.2,2571.8,2543.5,193,206
19647331931500,2021,16.67,0.0,2516.1,2491.9,12,11
19647331931518,2021,11.11,5.56,2487.4,2495.2,18,18
19647331931526,2021,44.4,21.65,2559.3,2536.9,264,258
19647331931690,2021,10.71,3.57,2474.6,2481.5,29,28
19647331931708,2021,51.82,36.76,2591.4,2581.2,115,140
19647331931716,2021,71.11,35.56,2636.5,2588.6,45,45
19647331931856,2021,27.27,0.0,2526.6,2453.8,11,11
19647331931864,2021,68.18,44.65,2639.2,2612.7,555,554
19647331931930,2021,12.5,0.0,2467.3,2416.1,17,16
19647331931971,2021,7.69,8.33,2476.7,2448.1,13,12
19647331931989,2021,7.69,0.0,2434.5,2399.8,13,14
19647331931997,2021,18.75,0.0,2488.5,2489.5,16,16
19647331932128,2021,27.69,3.03,2516.0,2479.2,68,68
19647331932250,2021,25.0,0.0,2490.3,2446.3,16,16
19647331932334,2021,8.33,0.0,2480.3,2428.7,24,23
19647331932383,2021,29.32,11.02,2498.9,2486.6,134,127
19647331932540,2021,64.13,45.75,2628.2,2599.3,184,155
19647331932623,2021,65.63,51.17,2623.3,2630.5,651,650
19647331932847,2021,74.06,61.79,2653.2,2648.4,212,212
19647331932888,2021,84.19,65.65,2675.9,2664.7,237,230
19647331932920,2021,61.05,39.78,2610.3,2587.7,276,280
19647331932987,2021,59.17,41.62,2604.9,2606.1,365,348
19647331933001,2021,62.88,31.22,2614.5,2575.8,363,363
19647331933043,2021,65.04,38.31,2616.1,2601.8,266,261
19647331933118,2021,44.44,19.23,2554.6,2531.0,271,261
19647331933233,2021,82.97,60.26,2673.6,2647.7,229,229
19647331933241,2021,45.31,17.34,2561.1,2532.5,251,252
19647331933381,2021,59.4,31.89,2597.0,2563.8,542,530
19647331933795,2021,52.84,28.7,2583.2,2559.1,336,332
19647331933852,2021,65.44,31.44,2620.7,2577.8,374,370
19647331934033,2021,60.36,27.88,2608.3,2568.2,169,168
19647331934157,2021,51.61,19.35,2581.6,2534.4,189,186
19647331934371,2021,37.25,18.18,2546.0,2514.1,102,99
19647331934454,2021,38.14,9.47,2520.3,2482.9,103,96
19647331935121,2021,55.07,43.5,2589.3,2601.2,229,227
19647331935352,2021,43.38,15.81,2552.9,2519.7,223,216
19647331935519,2021,23.88,10.61,2500.9,2482.3,140,140
19647331935568,2021,80.34,56.79,2665.0,2642.4,291,283
19647331935865,2021,38.77,24.02,2552.6,2534.6,232,209
19647331936160,2021,55.76,27.88,2583.7,2559.5,373,374
19647331936350,2021,75.05,43.22,2663.3,2615.5,519,516
19647331937226,2021,52.63,31.84,2581.6,2580.3,195,201
19647331937424,2021,36.96,16.52,2524.7,2529.6,235,230
19647331937622,2021,51.48,20.17,2579.1,2540.8,313,256
19647331937838,2021,44.44,27.27,2593.7,2585.2,18,23
19647331938307,2021,48.47,29.35,2580.3,2567.8,275,317
19647331938554,2021,52.16,23.16,2579.3,2541.6,281,275
19647331938612,2021,70.5,47.88,2638.3,2611.7,479,451
19647331938885,2021,66.16,40.48,2615.8,2600.5,265,254
19647331938968,2021,55.75,39.52,2597.4,2592.7,419,387
19647331939040,2021,64.54,33.24,2613.5,2574.7,365,350
19647331939107,2021,75.32,50.52,2640.1,2625.5,159,194
19647331939305,2021,30.23,4.55,2514.4,2501.8,53,48
19647331939479,2021,36.19,15.24,2535.4,2523.0,107,107
19647331939859,2021,58.97,23.04,2602.8,2545.4,236,231
19647331939941,2021,58.12,38.89,2600.2,2589.0,410,389
19647331964733,2021,33.33,10.0,2540.9,2443.2,21,20
19647331995448,2021,78.28,54.3,2663.2,2630.5,375,372
19647331996073,2021,15.38,4.35,2486.5,2474.9,26,23
19647331996115,2021,44.58,7.59,2568.8,2498.8,241,238
19647331996610,2021,45.71,20.0,2555.5,2544.7,36,36
19647336016885,2021,40.48,14.71,2551.3,2517.4,43,75
19647336019475,2021,62.12,32.81,2605.8,2586.1,66,64
19647336058002,2021,46.61,18.58,2550.1,2545.6,125,120
19647336061451,2021,56.03,29.27,2604.8,2555.8,142,166
19647336061600,2021,37.35,21.69,2536.6,2522.5,83,83
19647336069157,2021,36.36,,2578.5,,11,
19647336116750,2021,45.54,23.76,2567.2,2558.0,101,101
19647740109538,2021,43.66,14.96,2554.1,2515.1,272,235
19647741935436,2021,49.64,11.27,2574.0,2511.7,423,421
19647901935923,2021,58.28,35.29,2606.2,2589.4,320,325
19648080124552,2021,57.47,19.32,2593.0,2543.7,87,89
19648081930155,2021,63.27,19.67,2609.7,2542.5,506,490
19648081930825,2021,55.87,15.17,2589.3,2526.6,397,360
19648081935998,2021,42.9,18.45,2559.0,2525.2,336,341
19648081938927,2021,7.84,0.0,2470.9,2452.2,51,50
19648401933647,2021,62.3,34.33,2612.4,2588.7,62,68
19648401934728,2021,98.33,71.19,2726.8,2669.4,60,59
19648401936467,2021,56.94,21.08,2594.2,2543.7,363,351
19648401936475,2021,35.71,,2526.9,,14,
19648570112714,2021,35.25,3.92,2545.1,2469.3,261,256
19648730136705,2021,79.25,29.0,2653.6,2577.4,109,103
19648731936749,2021,54.11,23.02,2584.9,2548.9,709,685
19648731936756,2021,18.6,0.0,2512.1,2442.5,43,37
19648810117440,2021,63.64,,2594.6,,11,
19648811931062,2021,55.66,30.61,2571.4,2554.7,109,98
19648811931674,2021,53.24,52.28,2594.3,2618.3,219,204
19648811936103,2021,84.62,46.15,2656.5,2613.7,13,13
19648811936806,2021,16.67,13.33,2519.1,2477.8,20,15
19648811936822,2021,67.43,40.43,2623.9,2601.6,305,286
19649071933175,2021,47.48,20.0,2567.1,2545.9,148,78
19649641937754,2021,74.78,70.67,2664.0,2696.1,226,225
19649801995737,2021,80.0,55.45,2670.2,2645.1,106,101
19650940112706,2021,61.37,20.25,2609.9,2536.4,321,321
19651281931302,2021,64.58,41.63,2622.3,2604.1,614,607
19651281934868,2021,71.08,44.78,2638.0,2612.0,570,565
19651281936889,2021,57.92,37.79,2589.3,2585.1,247,218
19651281937903,2021,66.9,45.02,2619.6,2605.5,432,445
19651281939701,2021,61.08,43.75,2609.0,2602.9,355,356
19651281995653,2021,,5.26,,2496.4,,19
19651360114439,2021,44.9,5.1,2564.0,2486.7,98,98
19734520120600,2021,62.5,18.75,2612.1,2524.9,64,64
19734521930106,2021,15.79,,2482.2,,21,
19734521936228,2021,57.47,29.28,2600.0,2565.1,314,311
19734521937564,2021,68.42,49.34,2627.8,2618.0,400,380
19734601932862,2021,79.23,77.27,2671.4,2709.0,469,485
19734601939149,2021,79.6,70.72,2679.4,2694.8,507,502
19752911995810,2021,80.93,62.88,2678.9,2667.5,236,229
19753090127100,2021,29.74,3.73,2528.1,2465.3,585,564
19753090132654,2021,64.91,10.53,2593.5,2515.9,57,57
19753090135145,2021,68.42,25.64,2613.4,2539.1,38,39
19753090136648,2021,39.73,2.75,2560.2,2480.4,365,364
19753090137786,2021,39.71,14.71,2536.3,2505.8,68,68
19753331935808,2021,89.87,69.62,2703.6,2701.6,79,80
19756636120158,2021,78.01,48.18,2651.9,2618.5,141,138
19768690119016,2021,79.85,60.0,2673.0,2646.3,134,135
19768690119636,2021,55.83,24.17,2605.1,2567.0,121,120
19768690131128,2021,61.86,30.58,2618.6,2583.9,118,121
20102072030229,2021,21.28,0.0,2517.5,2448.3,47,47
20652012032357,2021,43.31,18.12,2558.7,2540.0,157,149
20652430118950,2021,66.67,11.11,2643.3,2531.3,18,18
20755802030161,2021,35.29,6.67,2547.9,2517.9,17,15
20755802030203,2021,57.01,25.23,2601.8,2562.7,107,107
20756060117010,2021,68.89,17.39,2631.0,2543.4,47,46
20756060125021,2021,72.13,17.14,2640.7,2533.5,61,70
20756060132936,2021,50.0,16.67,2575.8,2503.0,15,12
20764142030013,2021,72.06,54.55,2634.8,2614.3,68,66
21654172130045,2021,72.73,,2611.3,,11,
21654172132264,2021,11.54,0.0,2473.0,2433.8,26,25
21654172132272,2021,63.04,30.91,2613.4,2563.1,276,276
21654172133056,2021,63.28,40.74,2609.4,2592.5,256,247
21654662133254,2021,10.53,0.0,2480.5,2474.5,19,11
21654662133262,2021,58.1,40.24,2594.7,2591.2,259,255
21654662134005,2021,58.16,47.77,2591.1,2616.6,240,248
21654822130078,2021,70.59,37.5,2623.5,2565.6,17,16
21654822131340,2021,77.39,58.75,2658.1,2640.2,262,242
21654822132587,2021,81.21,66.67,2676.0,2667.7,432,423
21654822133692,2021,76.18,62.54,2654.4,2655.9,322,302
21733612134310,2021,43.48,0.0,2524.0,2462.9,24,17
22655322235356,2021,58.21,45.71,2610.2,2604.2,67,71
23655652331361,2021,58.76,12.77,2605.2,2516.1,97,95
23655812333185,2021,74.07,45.45,2654.8,2620.9,27,22
23656072334563,2021,25.0,,2511.3,,12,
23656152330413,2021,56.0,48.0,2623.7,2607.4,25,25
23656232335487,2021,56.1,22.73,2578.8,2541.0,41,44
24102490106518,2021,57.14,9.52,2593.3,2532.3,21,21
24102492430148,2021,16.67,0.0,2484.1,2439.6,36,34
24102492430163,2021,17.14,0.0,2475.5,2402.9,35,26
24102492430171,2021,8.33,0.0,2441.8,2393.6,24,24
24656982430080,2021,13.33,7.14,2478.3,2438.9,15,14
24656982432409,2021,60.31,28.33,2603.3,2542.5,131,120
24657550119073,2021,32.35,5.88,2565.4,2463.8,34,34
24657552431492,2021,16.22,2.86,2505.4,2447.5,37,35
24657890127373,2021,51.31,23.62,2575.9,2545.7,384,382
24657892430049,2021,27.27,,2501.9,,11,
24657892430098,2021,46.01,19.18,2571.8,2538.0,366,368
24657892430205,2021,46.1,22.36,2569.4,2542.3,424,416
24657892430601,2021,52.28,19.26,2582.9,2541.7,404,407
24657892433605,2021,43.27,19.71,2557.3,2534.8,276,281
24657892435204,2021,48.09,20.85,2574.4,2544.9,422,429
24657892439602,2021,10.47,0.0,2470.1,2442.2,88,85
24753172430015,2021,9.09,0.0,2475.4,2430.6,33,33
24753172431203,2021,52.85,13.68,2579.1,2519.9,125,117
24753662430114,2021,48.57,12.15,2575.6,2517.0,145,114
25735852535409,2021,29.17,12.0,2530.1,2493.2,48,50
25735934737250,2021,62.07,13.79,2593.5,2547.7,29,29
26736682633006,2021,,28.57,,2569.6,,14
26736682635001,2021,75.0,33.33,2667.4,2562.8,12,12
26736922630010,2021,70.59,27.94,2621.3,2562.5,68,68
27659872730414,2021,81.76,62.0,2679.6,2654.4,152,150
27660682730083,2021,18.75,0.0,2462.5,2415.1,16,15
27660682730174,2021,42.49,13.26,2550.9,2496.0,276,281
27660682732170,2021,63.52,11.11,2611.2,2513.5,244,243
27754732730885,2021,50.0,10.53,2559.5,2505.1,145,137
28662902837102,2021,82.69,31.73,2670.9,2580.6,104,104
29102980114314,2021,,0.0,,2467.4,,11
29663572930048,2021,69.47,,2632.6,,131,
29663572930071,2021,31.82,,2499.0,,22,
29663572935500,2021,54.72,,2583.3,,224,
30103060126037,2021,74.42,38.89,2645.2,2600.9,129,127
30103060133983,2021,48.65,20.27,2573.1,2536.3,74,74
30103060134841,2021,28.57,11.76,2538.1,2468.7,21,17
30103063030632,2021,82.76,43.33,2670.2,2609.5,29,30
30103063030723,2021,83.51,69.61,2694.2,2688.1,394,368
30664313030038,2021,75.96,47.91,2648.1,2626.8,555,562
30664313030228,2021,45.11,17.46,2563.2,2531.2,484,453
30664313030384,2021,40.19,12.26,2547.4,2502.7,108,106
30664313030616,2021,,96.92,,2777.0,,195
30664313032786,2021,12.58,2.27,2485.9,2456.7,184,176
30664313033057,2021,47.84,13.14,2568.4,2514.2,490,427
30664313033115,2021,81.0,50.98,2666.3,2633.3,483,463
30664313033784,2021,46.28,20.61,2571.6,2523.9,322,313
30664313034204,2021,41.79,16.97,2553.5,2518.7,278,287
30664313036712,2021,57.38,23.9,2595.3,2553.7,251,212
30664313038239,2021,56.96,21.05,2590.8,2539.6,318,326
30664493030624,2021,20.0,0.0,2480.7,2472.5,30,27
30664493030640,2021,68.11,46.87,2638.8,2615.2,371,368
30664640106765,2021,83.33,36.36,2654.8,2598.5,12,11
30664640113381,2021,74.87,49.91,2652.1,2623.5,565,536
30664640124131,2021,82.14,64.0,2677.4,2664.2,28,25
30664643030210,2021,70.87,53.45,2644.9,2638.8,462,465
30664643030574,2021,76.24,54.61,2657.1,2638.1,565,544
30664643030756,2021,78.71,62.68,2667.1,2662.8,503,479
30664643035987,2021,24.36,1.28,2504.0,2446.2,78,78
30664643036001,2021,78.01,51.45,2657.1,2627.8,570,552
30664643038569,2021,69.17,44.09,2630.7,2609.4,375,381
30664646120356,2021,47.73,9.09,2585.1,2527.2,44,44
30665143030335,2021,38.1,15.0,2540.6,2506.3,22,20
30665143030855,2021,49.57,27.86,2575.2,2561.3,357,337
30665143032505,2021,68.52,46.53,2632.0,2614.4,427,407
30665143033362,2021,55.26,34.68,2586.9,2578.3,450,453
30665143033610,2021,16.08,2.17,2495.3,2483.0,155,148
30665143037090,2021,62.18,42.94,2617.0,2598.1,361,361
30665143037348,2021,74.27,63.67,2652.4,2670.6,579,579
30665143037496,2021,88.66,85.84,2719.4,2752.9,577,567
30665223030103,2021,21.05,0.0,2513.3,2453.7,133,133
30665223030434,2021,72.17,49.89,2641.5,2615.3,460,459
30665223032752,2021,74.02,44.6,2654.9,2604.6,508,509
30665223033578,2021,85.11,64.38,2685.7,2665.4,470,466
30665223033933,2021,66.13,25.5,2613.4,2565.2,313,302
30665223035581,2021,80.83,45.66,2665.0,2618.1,313,311
30665223035706,2021,64.99,29.63,2619.0,2563.6,377,378
30665223036555,2021,55.7,24.04,2593.1,2550.7,388,392
30665483030145,2021,68.79,34.02,2615.7,2587.9,142,97
30665483031895,2021,82.12,69.84,2679.6,2677.9,398,380
30665483032158,2021,93.93,79.9,2714.3,2709.0,615,604
30665483032943,2021,86.96,71.72,2699.7,2683.2,415,399
30665483034410,2021,83.43,58.76,2678.7,2649.8,348,278
30665483038445,2021,68.71,51.57,2639.2,2627.3,432,482
30665483038551,2021,21.43,0.0,2513.0,2453.4,14,13
30665970111666,2021,83.72,51.16,2670.1,2633.6,43,43
30665973030186,2021,53.75,17.81,2597.9,2542.6,80,75
30665973031697,2021,68.04,48.65,2635.0,2617.6,291,259
30665973031853,2021,64.98,31.0,2623.1,2562.2,237,230
30665973032000,2021,57.2,18.6,2594.3,2532.2,243,242
30665973034907,2021,7.69,0.0,2443.7,2399.4,52,51
30665973035045,2021,66.35,43.58,2619.3,2602.9,416,374
30666213030046,2021,66.86,46.62,2630.7,2618.1,507,518
30666213031952,2021,58.11,33.42,2598.3,2583.4,371,368
30666213035409,2021,48.57,19.01,2571.8,2531.5,386,386
30666213035748,2021,14.02,1.01,2484.2,2424.1,108,99
30666213038098,2021,58.6,34.69,2610.8,2586.6,530,519
30666470119404,2021,68.18,62.34,2633.5,2665.3,397,396
30666473030053,2021,63.52,48.11,2619.9,2614.2,318,318
30666473030483,2021,89.36,31.91,2660.5,2595.6,47,47
30666473031929,2021,74.65,48.36,2648.3,2623.9,432,426
30666473031945,2021,46.43,13.04,2559.8,2541.9,31,23
30666473038023,2021,71.22,49.27,2644.5,2632.5,565,553
30666476119556,2021,82.35,70.59,2697.5,2679.6,17,17
30666700106567,2021,60.19,16.67,2608.3,2526.3,108,108
30666700108365,2021,55.27,35.3,2594.1,2590.5,583,595
30666700114736,2021,51.28,30.66,2584.4,2569.4,548,548
30666700135897,2021,46.67,6.25,2551.9,2506.4,15,16
30666703030475,2021,,0.0,,2436.9,,17
30666703030491,2021,28.74,17.24,2520.8,2518.0,273,246
30666703030608,2021,80.22,52.75,2654.7,2615.6,91,91
30666703034998,2021,6.25,4.44,2465.8,2451.6,50,46
30666703035821,2021,24.64,14.7,2512.2,2516.9,293,284
30666703036357,2021,30.06,15.87,2522.0,2511.9,515,509
30666703036456,2021,37.99,15.31,2537.9,2523.3,298,328
30666706115133,2021,7.69,1.52,2452.2,2438.5,66,67
30736353030061,2021,77.32,53.05,2652.8,2631.5,390,377
30736353030079,2021,27.38,2.25,2517.6,2484.1,85,89
30736353030244,2021,72.2,38.89,2635.8,2591.9,313,306
30736353030392,2021,81.38,67.41,2677.0,2681.7,378,360
30736353030509,2021,88.89,38.89,2687.5,2608.3,18,18
30736353034956,2021,70.75,53.16,2639.8,2633.1,405,398
30736430102871,2021,78.66,66.21,2666.5,2680.2,670,658
30736433030590,2021,72.22,36.11,2649.6,2574.8,36,36
30736433032109,2021,81.1,57.64,2669.3,2638.8,347,288
30736433032919,2021,23.48,1.82,2510.9,2446.6,115,110
30736433037553,2021,53.13,26.77,2582.5,2559.9,451,437
30736500133405,2021,84.94,76.42,2685.2,2713.4,240,230
30736503030129,2021,7.69,0.0,2460.9,2441.6,13,11
30736503030152,2021,73.58,69.64,2650.3,2687.1,246,225
30736503030285,2021,83.33,74.48,2679.6,2694.4,344,337
30736503030467,2021,75.83,70.72,2655.5,2682.0,696,690
30736503030657,2021,82.73,74.8,2690.1,2707.8,388,377
30736503035102,2021,84.46,85.63,2699.2,2743.8,342,348
30739243033917,2021,84.85,59.86,2685.0,2645.0,727,701
31103140126904,2021,25.0,0.0,2538.9,2505.8,12,12
31668940102293,2021,73.81,33.33,2653.8,2567.6,42,42
31668940138081,2021,53.85,25.93,2595.9,2544.9,26,27
31668943131687,2021,35.71,0.0,2536.8,2463.6,28,31
31668943131851,2021,66.41,38.52,2625.0,2594.3,131,123
31668943132453,2021,84.55,49.74,2675.3,2628.5,382,380
31668943135704,2021,62.54,30.29,2612.6,2576.2,284,276
31669280116459,2021,62.41,29.16,2608.4,2559.9,400,391
31669280121418,2021,74.6,41.94,2643.5,2596.1,63,62
31669283130119,2021,29.03,15.15,2522.6,2495.4,32,33
31669283130176,2021,68.8,41.35,2628.2,2591.4,501,503
31669283130184,2021,87.15,61.04,2690.9,2663.9,529,526
31669283130309,2021,18.6,7.14,2478.7,2440.4,43,42
31669283135308,2021,75.74,43.18,2645.7,2611.0,437,448
31669283136504,2021,68.66,38.6,2632.4,2588.2,434,430
31669443130010,2021,66.34,45.45,2629.6,2608.5,101,99
31669443130077,2021,43.75,6.25,2537.6,2482.0,16,16
31669443138500,2021,61.39,45.34,2623.1,2616.8,158,162
31669510139246,2021,63.64,18.18,2605.0,2538.6,11,11
31669513130036,2021,43.18,0.0,2553.3,2465.7,44,44
31669513130168,2021,67.93,27.72,2620.3,2564.5,184,184
31669513134657,2021,66.98,27.94,2623.4,2568.6,430,433
31750850108084,2021,70.12,41.37,2628.7,2597.7,415,423
31750850119487,2021,79.61,53.29,2654.2,2619.5,153,153
31750853130150,2021,69.03,56.2,2637.0,2642.5,381,396
31750853130200,2021,41.86,11.63,2569.4,2541.3,43,43
31750853130218,2021,75.0,16.67,2645.8,2538.7,12,12
32669693230083,2021,63.64,18.18,2598.5,2562.0,22,22
32669693232006,2021,72.73,27.27,2640.6,2603.2,11,11
32669693233509,2021,41.67,,2504.8,,12,
32669693235603,2021,67.57,30.3,2616.4,2557.2,37,33
32669693236007,2021,53.85,34.21,2619.0,2570.1,39,38
33103300128397,2021,24.65,1.46,2524.8,2448.0,143,137
33103300138602,2021,55.17,29.31,2605.9,2566.2,58,58
33103303330123,2021,2.44,0.0,2419.1,2405.2,82,76
33103303331055,2021,4.92,1.79,2431.3,2417.3,61,56
33669930129882,2021,59.09,22.22,2583.3,2541.3,44,45
33669933330479,2021,62.9,35.93,2610.9,2588.3,376,335
33669933330842,2021,12.5,4.35,2488.5,2504.5,27,23
33670580114504,2021,27.94,2.82,2529.0,2472.0,69,72
33670580118885,2021,53.28,30.25,2588.6,2564.9,285,240
33670583330388,2021,67.54,41.94,2633.2,2601.4,424,423
33670583330669,2021,65.48,31.56,2617.8,2577.3,455,452
33670583330909,2021,70.83,27.08,2630.4,2562.5,48,48
33670583331113,2021,8.93,0.0,2461.2,2436.1,56,56
33670583333192,2021,42.06,14.89,2565.2,2541.1,237,266
33670820106716,2021,53.57,20.0,2563.1,2545.0,56,60
33670820113159,2021,41.63,14.57,2561.6,2515.5,238,260
33670820120675,2021,87.67,73.13,2694.2,2685.4,73,68
33670823330065,2021,10.39,4.0,2473.3,2474.9,81,77
33670823330503,2021,29.09,10.53,2521.5,2506.4,55,59
33670823330537,2021,40.07,18.38,2546.0,2529.8,290,282
33670823332673,2021,45.53,20.8,2563.2,2544.2,398,284
33671243330438,2021,80.0,,2676.2,,25,
33671573331014,2021,74.51,46.1,2649.4,2615.4,153,155
33671730127316,2021,38.26,14.79,2547.5,2519.1,311,311
33671730133090,2021,41.67,22.86,2550.1,2492.2,36,35
33671733330578,2021,61.26,25.52,2609.3,2548.4,312,310
33671733330818,2021,50.29,26.32,2577.7,2554.7,181,177
33671733331121,2021,17.11,2.05,2496.7,2456.7,156,147
33671733335130,2021,51.22,29.66,2587.5,2560.6,328,328
33672070101170,2021,54.44,18.39,2573.3,2531.2,91,89
33672070113191,2021,57.06,20.98,2595.5,2544.2,493,450
33672073330172,2021,36.36,8.33,2497.7,2499.1,11,12
33672073330727,2021,69.46,40.51,2630.5,2595.1,470,438
33672073335973,2021,48.75,20.79,2573.1,2551.0,256,187
33672493337656,2021,38.65,13.43,2546.6,2512.0,461,446
33672496114748,2021,60.0,25.49,2597.0,2565.1,101,102
33736760100255,2021,44.19,21.11,2562.8,2542.9,320,295
33736760121673,2021,58.57,2.9,2583.9,2495.2,70,69
33736763330032,2021,11.54,0.0,2489.6,2423.1,26,25
33736763330354,2021,24.24,13.33,2509.5,2521.1,34,30
33736763330990,2021,38.07,18.06,2542.1,2524.0,468,457
33751760107920,2021,69.7,,2628.5,,33,
33751763330487,2021,89.47,52.63,2690.4,2651.6,19,19
33751763332350,2021,64.29,28.57,2613.9,2577.3,14,14
33751923330917,2021,92.86,52.38,2707.3,2622.1,84,84
34103480136275,2021,48.0,20.0,2577.7,2546.4,26,25
34322763990025,2021,3.7,0.0,2394.6,2377.6,54,53
34322765637780,2021,10.53,,2419.2,,19,
34673140105916,2021,64.2,44.25,2611.9,2602.8,429,425
34673140108753,2021,73.82,57.23,2646.8,2651.7,510,506
34673140116897,2021,73.01,57.61,2649.1,2644.7,391,373
34673143430170,2021,49.02,22.59,2569.0,2547.9,260,247
34673143430311,2021,14.81,4.55,2473.7,2448.7,27,23
34673143430329,2021,33.33,12.5,2535.8,2496.9,15,16
34673143430352,2021,39.47,15.79,2543.5,2494.3,40,39
34673143430477,2021,46.37,26.97,2569.5,2560.7,249,245
34673143430592,2021,64.8,43.19,2613.3,2602.0,219,265
34673143430618,2021,63.83,41.45,2616.5,2598.0,331,307
34673143430873,2021,71.83,56.51,2633.8,2636.8,501,501
34673143432002,2021,,0.0,,2480.0,,11
34673143432572,2021,58.0,42.72,2607.1,2594.6,302,305
34673146112254,2021,30.77,13.64,2529.6,2503.7,40,44
34674210137950,2021,26.92,2.6,2534.5,2468.7,78,77
34674390102038,2021,54.95,25.27,2606.0,2561.1,91,91
34674470121467,2021,43.9,28.21,2551.5,2550.4,46,40
34674470135772,2021,88.0,48.0,2687.8,2630.3,25,25
34674473430048,2021,37.68,10.29,2551.8,2489.0,69,68
34674473430097,2021,9.09,,2487.5,,11,
34674473430386,2021,68.18,34.88,2611.5,2559.2,45,43
34674473430493,2021,73.95,52.11,2640.4,2629.8,358,355
34674473430717,2021,57.49,21.14,2596.6,2537.9,836,829
34674473430758,2021,75.0,24.39,2644.4,2552.4,40,41
34674473431111,2021,86.21,59.26,2683.6,2664.0,29,27
34674473432051,2021,64.12,37.04,2613.7,2596.7,132,109
34674473432317,2021,64.29,37.25,2621.7,2590.0,84,51
34674473432838,2021,14.29,4.35,2454.0,2439.8,49,46
34674473435930,2021,89.47,77.27,2718.4,2717.4,152,154
34674473436714,2021,67.05,37.87,2620.9,2586.0,347,306
34739733430378,2021,72.0,37.5,2636.0,2590.7,125,121
34739733430451,2021,33.33,0.0,2554.9,2458.8,18,19
34752830102236,2021,65.72,39.49,2621.8,2598.4,409,399
34752830112425,2021,85.53,57.93,2676.6,2645.4,152,145
34752830126060,2021,64.1,23.68,2602.0,2535.9,78,76
34752833430584,2021,39.2,17.51,2540.2,2519.0,179,180
34752833430626,2021,19.23,0.0,2490.5,2445.4,28,29
34752833430659,2021,78.91,37.98,2664.0,2594.0,130,129
34765050101832,2021,50.57,15.56,2568.6,2517.2,87,91
34765053430261,2021,7.69,0.0,2465.8,2455.2,14,11
35675383530029,2021,13.04,0.0,2489.3,2432.2,23,21
35752593530060,2021,56.36,21.28,2591.3,2555.6,56,48
36103630107466,2021,7.69,0.0,2433.6,2401.3,104,103
36103633630431,2021,0.0,,2414.9,,18,
36103636069348,2021,14.29,0.0,2433.2,2401.9,14,15
36676113630712,2021,18.18,,2460.9,,24,
36676113630803,2021,50.0,21.6,2559.3,2529.4,194,173
36676373630290,2021,18.18,,2481.3,,11,
36676373631066,2021,66.29,34.83,2616.1,2564.0,89,89
36676523630225,2021,77.55,54.13,2653.7,2638.7,248,219
36676523630373,2021,65.3,42.7,2629.1,2608.7,492,471
36676523630571,2021,81.74,57.61,2679.2,2653.2,370,246
36676523631058,2021,77.3,63.91,2663.3,2659.0,425,435
36676523631157,2021,66.67,40.96,2626.2,2601.1,216,191
36676523632205,2021,60.3,31.72,2602.4,2578.7,274,274
36676523633906,2021,64.56,38.13,2611.5,2583.0,324,301
36676523634482,2021,56.34,28.99,2595.2,2570.9,427,416
36676523637659,2021,33.33,7.14,2512.9,2511.1,12,14
36676783630035,2021,49.34,,2584.4,,158,
36676783631017,2021,77.24,61.05,2663.8,2661.8,297,98
36676860125500,2021,57.82,20.22,2594.0,2542.0,279,280
36676863631322,2021,52.35,24.29,2583.1,2541.4,414,390
36676863632742,2021,45.93,18.26,2573.2,2518.5,382,374
36676863636131,2021,17.54,1.89,2505.6,2456.8,60,57
36677100120758,2021,71.93,,2639.1,,57,
36677103630555,2021,58.21,,2610.7,,67,
36677103630902,2021,94.29,,2697.8,,35,
36677103633302,2021,78.65,,2636.1,,90,
36677360116723,2021,57.14,20.0,2583.2,2564.5,50,45
36677360130948,2021,34.48,3.85,2527.5,2463.3,29,26
36677360136937,2021,19.79,7.53,2510.7,2455.8,96,93
36677773630217,2021,18.18,0.0,2488.0,2423.2,44,44
36677773636743,2021,63.57,32.43,2616.2,2573.6,140,149
36677773638616,2021,49.76,15.79,2579.0,2516.7,209,209
36678013634169,2021,15.63,9.09,2513.8,2461.5,32,33
36678270113928,2021,36.59,9.89,2550.2,2496.4,82,91
36678500102830,2021,61.7,31.49,2605.1,2573.8,386,370
36678503630530,2021,33.33,6.67,2523.5,2495.1,16,15
36678503630597,2021,41.56,21.01,2548.8,2541.5,472,463
36678503633005,2021,43.85,32.39,2558.6,2569.4,274,228
36678683635265,2021,32.0,13.04,2537.3,2499.8,126,139
36678760136952,2021,37.25,8.09,2546.8,2477.9,156,136
36678763635844,2021,96.0,40.0,2675.8,2625.2,50,35
36678923636487,2021,23.53,11.76,2534.5,2490.6,17,17
36679593638509,2021,55.37,32.37,2590.1,2576.2,438,425
36738583630076,2021,54.55,45.45,2576.9,2591.8,11,11
36738903630274,2021,68.85,38.71,2615.5,2598.0,61,62
36750440115444,2021,10.53,1.33,2468.1,2423.4,76,75
36750440116707,2021,47.22,13.89,2551.4,2518.5,36,36
36750440119115,2021,45.62,24.23,2569.8,2548.8,394,356
36750443630407,2021,40.35,20.63,2552.9,2534.1,347,354
36750443630472,2021,3.7,0.0,2456.9,2442.5,30,22
36750443630746,2021,64.44,31.79,2607.9,2567.7,241,280
36750443630811,2021,33.33,10.0,2546.1,2479.0,30,30
36750510115089,2021,72.0,36.0,2642.9,2621.5,26,26
36750510136432,2021,27.91,3.91,2529.0,2465.8,369,358
36750510136960,2021,38.89,29.41,2557.6,2525.7,18,17
36750510139188,2021,59.62,22.33,2600.1,2532.1,104,103
36750773631207,2021,83.84,39.39,2666.2,2593.9,100,99
37103710128520,2021,13.04,0.0,2486.8,2410.1,47,46
37103710128538,2021,4.88,2.33,2422.5,2395.1,41,43
37103710137752,2021,63.33,27.59,2622.7,2558.3,30,30
37103716119119,2021,69.77,42.35,2645.2,2595.7,86,85
37679830134890,2021,31.54,8.94,2521.7,2485.7,612,615
37679833730447,2021,53.33,24.14,2571.0,2554.8,30,29
37680230138073,2021,75.76,51.52,2644.0,2599.1,33,33
37680313731478,2021,88.77,66.49,2694.1,2672.0,188,187
37680490132506,2021,67.79,22.52,2624.2,2553.6,268,263
37680490136416,2021,69.62,34.62,2638.4,2587.4,79,78
37680490136614,2021,28.71,4.85,2538.3,2482.3,101,103
37681060127241,2021,76.22,35.33,2649.8,2588.4,185,184
37681063730058,2021,58.84,22.61,2599.4,2534.4,414,398
37681063731023,2021,70.05,39.27,2643.1,2599.9,197,191
37681063732054,2021,16.67,0.0,2486.6,2429.5,60,51
37681063732062,2021,53.6,16.42,2589.6,2510.1,348,341
37681063735313,2021,48.97,10.97,2577.2,2512.3,247,239
37681223730967,2021,80.95,28.57,2622.8,2566.0,21,21
37681223732179,2021,59.46,35.46,2601.6,2581.6,298,284
37681223732195,2021,26.09,3.33,2522.8,2431.4,24,30
37681300132548,2021,48.89,0.0,2585.3,2490.2,45,46
37681300139063,2021,50.0,19.05,2597.3,2586.2,21,21
37681303730066,2021,75.38,44.58,2648.8,2615.8,201,168
37681303730702,2021,68.11,38.61,2620.9,2587.2,301,260
37681303731262,2021,66.67,45.38,2627.1,2604.2,394,390
37681303731536,2021,,52.0,,2659.8,,25
37681303731692,2021,45.89,21.86,2576.2,2544.5,233,186
37681303731809,2021,55.0,19.91,2589.3,2537.6,220,216
37681303732336,2021,59.31,30.88,2605.7,2569.4,292,275
37681303732625,2021,59.44,36.36,2600.9,2571.9,329,337
37681303734548,2021,59.93,31.89,2604.1,2580.8,309,304
37681303734761,2021,58.9,27.46,2592.2,2544.0,153,147
37681303737905,2021,71.32,18.99,2617.2,2541.1,130,79
37681630137109,2021,31.25,2.13,2521.1,2457.0,96,94
37681713733219,2021,78.95,15.79,2643.6,2561.5,19,19
37682130123224,2021,58.82,17.65,2597.7,2545.7,51,51
37682130127084,2021,47.06,25.0,2567.4,2529.7,51,52
37682130136978,2021,79.49,28.21,2655.3,2574.8,39,39
37682130138636,2021,25.0,0.0,2563.6,2481.1,12,12
37682133734878,2021,38.1,13.24,2533.0,2504.3,63,68
37683040131250,2021,82.35,42.11,2673.4,2612.3,17,19
37683043735958,2021,22.22,5.71,2505.4,2479.5,36,35
37683043735974,2021,71.19,36.55,2622.0,2584.1,244,238
37683380106799,2021,80.0,40.0,2646.0,2598.1,15,15
37683380114462,2021,49.15,20.2,2573.9,2510.4,124,106
37683380118851,2021,42.0,17.02,2562.8,2525.0,50,47
37683380119610,2021,63.73,15.0,2603.4,2517.8,102,100
37683380122788,2021,56.1,19.51,2603.5,2528.3,41,41
37683380127647,2021,52.38,30.68,2569.0,2559.7,86,93
37683380135913,2021,44.83,10.0,2543.6,2510.9,29,30
37683380136663,2021,46.67,6.67,2557.4,2508.9,17,17
37683383730314,2021,85.71,59.26,2683.7,2680.1,28,27
37683383730884,2021,94.74,,2723.2,,19,
37683463737384,2021,64.29,,2620.1,,14,
37684030125401,2021,45.0,5.0,2538.2,2478.0,60,60
37684036120893,2021,59.49,16.81,2606.8,2538.1,237,238
37684110111831,2021,74.6,57.88,2644.1,2639.5,383,340
37684113730124,2021,56.19,28.04,2592.1,2548.7,222,222
37684113730405,2021,66.87,42.98,2621.5,2608.7,345,362
37684113730801,2021,56.67,30.08,2590.4,2568.0,240,239
37684113730843,2021,86.67,60.79,2693.0,2659.1,556,559
37684113731064,2021,49.83,24.03,2575.9,2558.9,303,157
37684113731155,2021,36.84,16.67,2545.1,2535.7,20,20
37684113731502,2021,54.06,37.25,2594.6,2581.0,369,402
37684113731627,2021,72.62,51.16,2631.1,2625.2,356,355
37684113732047,2021,24.14,3.33,2509.6,2439.2,30,30
37684113732849,2021,56.8,29.06,2594.3,2568.1,348,353
37684113733953,2021,41.05,19.51,2551.8,2540.5,202,169
37684113738226,2021,49.81,25.64,2575.1,2550.6,293,286
37684113738234,2021,53.33,28.52,2590.4,2570.1,320,290
37684113768411,2021,52.08,10.64,2561.7,2491.3,51,49
37684520114264,2021,28.0,11.11,2520.2,2477.5,25,27
37684520115451,2021,13.16,3.45,2448.9,2417.0,38,29
37684520118430,2021,79.7,47.98,2664.2,2629.9,394,396
37684523730728,2021,66.27,40.82,2616.0,2602.2,425,320
37684523732039,2021,12.5,,2497.9,,35,
37684523738705,2021,46.75,17.49,2573.1,2532.5,413,380
37735690140079,2021,48.15,29.17,2592.9,2535.7,28,25
37735693731221,2021,31.62,6.03,2531.4,2469.2,117,116
37735693735206,2021,45.5,23.98,2557.2,2534.6,239,223
37735693739018,2021,56.28,34.95,2596.4,2578.1,494,464
37735693739026,2021,12.5,7.14,2434.9,2437.1,17,15
37754160132472,2021,56.14,16.07,2595.1,2517.8,57,56
37754160138651,2021,18.18,8.7,2489.5,2475.2,23,23
37756143731114,2021,61.32,23.77,2595.8,2546.4,244,244
37756143731312,2021,41.18,0.0,2552.0,2466.3,17,18
37768510129320,2021,70.15,,2632.6,,67,
37770990136077,2021,61.76,11.76,2612.7,2519.0,34,34
37771070136473,2021,67.57,16.22,2634.6,2546.1,37,38
38684780107300,2021,60.0,32.0,2596.9,2541.0,51,50
38684780127530,2021,46.91,28.92,2582.2,2567.3,82,83
39103970120717,2021,19.23,0.0,2497.5,2401.3,26,24
39103973930468,2021,17.37,1.28,2486.8,2435.5,167,157
39103973930476,2021,43.39,13.11,2569.5,2507.8,189,183
39685023930054,2021,15.0,0.0,2493.6,2453.5,20,17
39685023932308,2021,60.81,27.74,2599.4,2574.0,150,139
39685693933793,2021,19.23,1.96,2515.4,2459.2,52,51
39685693933801,2021,64.12,35.6,2617.4,2587.2,604,589
39685770118307,2021,15.79,0.0,2493.8,2416.5,19,19
39685850101956,2021,79.0,58.25,2661.3,2628.1,100,103
39685850108225,2021,50.69,24.45,2574.3,2538.7,290,278
39685853930237,2021,44.37,30.42,2562.2,2551.5,295,298
39685853930344,2021,44.44,13.04,2537.0,2508.4,28,23
39685853930443,2021,96.88,89.06,2751.8,2755.0,64,64
39685853934759,2021,48.77,30.94,2579.9,2557.6,324,321
39685853934767,2021,14.81,3.7,2464.1,2451.3,27,27
39685853934783,2021,53.33,37.43,2584.8,2581.3,393,380
39685930101576,2021,38.36,10.81,2533.4,2504.3,234,260
39685930112565,2021,8.33,0.0,2473.5,2428.6,24,23
39685930116376,2021,68.06,26.05,2617.7,2541.2,263,261
39685933930310,2021,52.16,19.32,2578.7,2534.7,278,264
39685933932001,2021,49.69,10.16,2572.1,2495.7,323,305
39685933935103,2021,50.14,12.99,2576.3,2512.0,352,354
39685933935111,2021,13.21,1.75,2512.4,2452.2,53,57
39686270127191,2021,60.22,25.41,2605.3,2552.9,181,181
39686270133116,2021,28.38,5.33,2517.7,2478.8,74,75
39686270136028,2021,12.5,0.0,2473.1,2460.5,57,54
39686270136135,2021,54.32,16.25,2578.8,2512.0,81,81
39686276119309,2021,32.98,13.19,2544.9,2504.7,94,91
39686500128215,2021,38.46,7.69,2502.1,2480.2,13,13
39686503935756,2021,63.44,41.58,2618.2,2602.7,187,191
39686760108159,2021,41.29,25.81,2555.5,2558.0,327,276
39686760115402,2021,29.27,2.56,2511.8,2489.5,41,42
39686760118497,2021,60.71,25.64,2599.5,2574.0,86,79
39686760119743,2021,94.06,74.26,2711.9,2673.6,101,101
39686760120733,2021,73.17,30.95,2633.8,2570.8,41,42
39686760123802,2021,62.77,23.08,2606.0,2566.5,95,92
39686760124248,2021,81.25,44.9,2663.3,2632.6,48,49
39686763930211,2021,5.56,0.0,2447.1,2457.6,18,14
39686763930427,2021,58.82,22.77,2586.2,2567.3,102,102
39686763932100,2021,41.46,20.1,2550.6,2527.7,337,236
39686763932654,2021,37.74,12.9,2545.8,2523.0,226,250
39686763937406,2021,32.62,13.41,2528.8,2529.1,195,185
39754990102392,2021,53.38,43.61,2591.2,2606.3,133,133
39754990114140,2021,0.0,0.0,2461.7,2447.5,30,22
39754990119040,2021,63.66,37.07,2612.9,2580.8,379,375
39754993930302,2021,53.64,24.49,2590.6,2551.7,414,396
39754993938008,2021,64.31,31.86,2613.5,2570.4,367,362
39767600128967,2021,74.94,60.26,2655.9,2660.2,387,385
40104050101725,2021,15.25,0.0,2486.9,2419.1,59,59
40688094030045,2021,33.33,8.33,2556.5,2509.0,12,12
40688094034807,2021,58.9,34.9,2600.4,2580.1,173,149
40688094036703,2021,69.05,47.15,2634.9,2626.3,126,126
40688414030128,2021,27.27,0.0,2534.9,2472.7,11,11
40688414030185,2021,61.54,23.08,2609.1,2558.5,26,26
40688414037701,2021,75.66,43.42,2641.4,2605.2,152,152
40754570119354,2021,55.88,26.47,2598.9,2538.7,35,34
40754574035754,2021,59.15,32.07,2603.2,2576.1,403,402
40754574035762,2021,9.52,0.0,2490.2,2456.4,42,41
40754654032009,2021,41.03,20.51,2554.2,2540.6,39,39
41104130135269,2021,40.0,10.53,2543.3,2502.4,20,19
41689160112284,2021,59.22,22.33,2606.0,2543.2,103,103
41689244133393,2021,71.86,35.86,2624.7,2601.5,169,146
41689244135075,2021,82.0,58.14,2671.3,2658.5,50,43
41689244137535,2021,80.56,78.79,2658.5,2674.6,36,33
41689244137790,2021,77.27,55.91,2661.9,2643.1,199,187
41690704130324,2021,35.71,7.14,2540.1,2468.6,15,14
41690704132551,2021,63.27,47.55,2622.5,2610.0,148,144
41690704137279,2021,64.02,37.38,2619.3,2585.8,217,215
42691464230587,2021,49.45,10.64,2566.2,2506.0,96,50
42692294230454,2021,89.47,57.89,2694.4,2650.3,19,19
42692600116434,2021,82.11,49.15,2660.5,2630.2,123,118
43104390113431,2021,86.67,77.14,2709.3,2714.3,106,108
43104390123257,2021,41.86,15.56,2551.0,2542.3,45,49
43104390135087,2021,23.53,6.25,2534.4,2479.4,17,16
43104394330254,2021,0.0,,2397.4,,13,
43104394330320,2021,5.56,5.56,2466.7,2440.5,18,18
43694014330239,2021,82.95,71.63,2688.9,2698.9,349,350
43694014330759,2021,16.95,3.28,2495.3,2465.6,61,61
43694014330866,2021,82.39,60.82,2676.9,2658.7,443,440
43694014331955,2021,57.76,21.7,2599.0,2552.2,233,235
43694014336137,2021,76.4,65.84,2660.6,2677.6,269,244
43694014338505,2021,77.78,58.25,2665.4,2653.8,309,312
43694270116889,2021,69.47,46.97,2636.0,2637.4,131,133
43694270125427,2021,42.11,12.5,2534.8,2480.4,19,16
43694270132274,2021,48.39,30.21,2575.0,2570.7,94,100
43694274330015,2021,56.0,40.71,2601.0,2603.0,229,227
43694274330023,2021,78.12,63.67,2657.9,2667.1,329,278
43694274330031,2021,75.29,65.84,2646.0,2655.5,170,161
43694274330361,2021,35.09,5.45,2540.6,2513.0,59,55
43694274330692,2021,82.82,76.05,2688.1,2710.8,582,572
43694274332318,2021,0.0,,2513.3,,16,
43694274332995,2021,46.19,27.54,2573.8,2566.0,243,208
43694274333639,2021,54.67,25.32,2596.5,2546.8,76,79
43694274334900,2021,61.43,29.28,2600.9,2566.9,225,224
43694274335204,2021,65.04,39.71,2624.8,2606.2,125,137
43694274335428,2021,47.27,17.36,2560.8,2522.0,116,126
43694274335907,2021,78.13,62.8,2671.7,2673.3,418,414
43694274337903,2021,80.43,60.74,2663.1,2659.3,472,462
43694684331799,2021,96.94,96.81,2742.0,2804.7,98,94
43694684332474,2021,83.33,69.14,2703.0,2699.6,84,81
43694684333316,2021,90.79,88.41,2719.8,2749.6,77,69
43694684334421,2021,98.7,,2764.1,,77,
43694684334462,2021,90.38,90.0,2732.7,2792.2,52,50
43695344334371,2021,82.81,75.4,2679.1,2702.7,128,126
43695344337762,2021,96.58,91.1,2737.9,2770.4,146,146
43695830102368,2021,90.91,89.47,2694.1,2698.1,22,19
43696094334116,2021,83.33,74.02,2700.2,2719.8,391,409
43696094334728,2021,88.97,82.67,2723.8,2744.1,272,300
43696414332904,2021,89.97,88.34,2721.9,2770.2,319,284
43696414335782,2021,89.12,85.94,2712.0,2770.2,147,129
43696664330080,2021,39.29,25.0,2557.2,2566.4,28,28
43696664330502,2021,23.81,0.0,2506.6,2450.4,43,32
43696664330585,2021,34.83,4.88,2542.8,2485.6,93,83
43696664332110,2021,2.44,2.7,2445.2,2438.4,43,38
43696664333522,2021,80.0,79.87,2675.4,2718.4,316,314
43696664333795,2021,54.34,30.73,2582.7,2567.4,225,221
43696664335949,2021,77.7,53.28,2650.6,2635.5,271,259
43696664337200,2021,46.7,18.78,2563.3,2523.6,199,197
43696664338950,2021,62.76,38.58,2620.7,2596.2,342,338
43696740135970,2021,88.24,47.06,2677.9,2644.6,34,34
43696744330122,2021,66.37,52.62,2632.3,2634.8,358,348
43696744338406,2021,13.51,0.0,2478.3,2453.5,39,36
43696744338802,2021,71.98,54.52,2646.7,2644.4,398,387
43733874331039,2021,55.0,15.79,2556.6,2492.1,21,20
43733874334470,2021,75.51,67.61,2661.2,2680.5,544,529
43771490137315,2021,64.0,33.78,2620.1,2574.2,75,74
44697994430245,2021,75.0,58.33,2623.8,2650.0,12,12
44698070110007,2021,75.0,50.0,2632.9,2667.7,17,13
44698074436754,2021,66.97,42.72,2649.9,2617.8,110,106
44698234432340,2021,64.8,34.78,2622.5,2572.0,126,116
44698234437109,2021,75.44,76.11,2655.6,2694.2,116,114
44698234437406,2021,85.71,59.38,2674.7,2625.7,50,34
44754324430211,2021,68.03,52.11,2632.3,2626.0,147,142
45104540129957,2021,40.0,8.0,2551.5,2486.6,25,25
45104540132647,2021,28.95,5.26,2568.9,2496.5,38,38
45698564530028,2021,52.45,29.86,2580.2,2557.1,143,144
45698564530051,2021,43.59,2.63,2565.0,2492.6,39,38
45698564530333,2021,70.0,35.0,2608.9,2569.8,20,20
45698564530762,2021,0.0,0.0,2420.3,2439.0,32,30
45698564530804,2021,65.08,29.41,2621.2,2563.7,63,85
45699480139543,2021,85.71,33.33,2672.6,2589.4,21,21
45699894531000,2021,44.44,22.22,2574.3,2534.1,27,27
45699894533600,2021,92.86,64.29,2660.1,2674.4,14,14
45701100135889,2021,77.78,17.65,2651.1,2542.2,18,17
45701360106013,2021,80.61,69.31,2670.1,2675.5,98,101
45701364530044,2021,71.54,45.7,2633.4,2607.7,254,257
45701364530200,2021,13.79,0.0,2456.4,2447.7,30,27
45701364530267,2021,73.21,35.09,2655.5,2581.2,56,57
45701364530309,2021,67.11,21.33,2604.6,2550.0,76,75
45701364532750,2021,61.06,32.39,2600.3,2576.9,208,213
45701364537304,2021,76.32,52.94,2649.0,2628.7,267,255
45701690136440,2021,76.92,42.31,2668.7,2609.5,26,26
45752674531901,2021,67.78,42.22,2633.3,2596.4,90,90
46701774634259,2021,46.67,35.71,2607.2,2595.1,15,14
47704664735403,2021,62.79,11.76,2617.7,2529.3,43,34
47704664738753,2021,48.84,13.33,2575.7,2512.5,43,45
47705164730024,2021,26.09,21.05,2535.6,2514.3,23,19
47705164739207,2021,81.51,38.46,2652.8,2588.5,121,117
47736844731253,2021,33.33,5.88,2543.8,2469.3,18,17
47764554733309,2021,58.06,36.36,2600.7,2586.5,31,33
48705244831004,2021,,69.23,,2665.2,,13
48705324830055,2021,9.38,0.0,2473.2,2413.0,32,25
48705324832259,2021,51.63,33.99,2588.8,2568.1,153,153
48705400125310,2021,87.93,37.93,2674.0,2605.8,58,58
48705404830170,2021,69.52,33.7,2627.9,2572.2,456,457
48705404830451,2021,50.12,19.91,2582.5,2522.8,424,422
48705404833000,2021,40.14,14.14,2551.6,2515.9,296,291
48705404836003,2021,14.29,1.09,2480.9,2432.9,99,92
48705814830147,2021,50.67,33.33,2586.3,2571.5,154,153
48705814838504,2021,44.83,11.54,2555.6,2512.7,30,26
49706074930327,2021,14.29,,2470.2,,14,
49706074930400,2021,63.46,46.53,2618.7,2622.3,210,203
49706074931507,2021,45.0,46.67,2576.4,2590.8,41,30
49706564930855,2021,56.25,25.4,2565.7,2561.7,48,63
49707060129981,2021,50.0,0.0,2581.9,2488.3,14,14
49707220139048,2021,40.0,6.67,2541.5,2491.8,15,15
49707970107284,2021,57.14,23.81,2593.3,2537.5,63,63
49708390138065,2021,46.67,0.0,2590.1,2498.2,15,15
49708624930012,2021,58.51,39.52,2608.6,2593.8,376,377
49708624930103,2021,75.0,0.0,2606.8,2550.6,16,14
49708624935151,2021,77.91,45.74,2655.3,2608.1,173,130
49708624935862,2021,25.0,11.76,2517.5,2468.2,16,17
49738820123786,2021,86.67,67.27,2685.1,2673.1,60,55
49738824930384,2021,89.53,55.56,2678.8,2635.3,86,81
49738824935482,2021,56.48,11.17,2593.4,2523.6,193,189
49753904932554,2021,55.17,26.51,2593.3,2571.8,89,85
50105040131235,2021,14.29,,2499.8,,14,
50105045030085,2021,4.0,4.17,2449.2,2415.9,25,24
50105045030234,2021,48.0,12.0,2583.8,2503.7,25,26
50710430107136,2021,63.64,20.0,2629.1,2515.2,22,20
50710430108076,2021,55.48,17.29,2588.0,2527.3,310,266
50710435030200,2021,5.26,0.0,2472.8,2426.0,38,49
50710435030879,2021,52.34,15.54,2583.5,2530.2,215,194
50710685030267,2021,21.74,0.0,2502.8,2432.4,46,45
50710685031521,2021,44.64,3.7,2570.4,2509.5,56,54
50710926112965,2021,64.0,44.0,2645.4,2578.2,25,25
50711346113286,2021,64.29,35.71,2608.6,2564.9,14,14
50711750110593,2021,66.59,39.76,2630.7,2595.5,433,411
50711750120212,2021,45.28,22.64,2564.7,2522.0,53,53
50711750121129,2021,56.29,29.42,2594.7,2561.6,474,458
50711755030010,2021,45.32,21.19,2565.3,2536.7,288,307
50711755030135,2021,50.0,19.32,2572.7,2520.9,224,222
50711755031380,2021,31.84,11.89,2522.9,2486.6,380,328
50711755031802,2021,41.48,14.77,2552.8,2507.7,327,308
50711755034905,2021,52.65,25.0,2579.8,2543.1,310,328
50711755034913,2021,1.41,0.0,2427.4,2397.4,72,69
50712170133124,2021,60.0,11.11,2591.8,2495.9,15,18
50712175030127,2021,9.38,0.0,2490.9,2412.8,32,27
50712175036256,2021,68.22,21.83,2625.3,2537.5,236,229
50736015035902,2021,63.95,11.27,2610.6,2513.7,172,142
50755560112573,2021,33.33,0.0,2519.4,2430.5,18,16
50755565036850,2021,52.99,7.63,2570.3,2501.9,134,133
50755645031950,2021,28.57,0.0,2504.9,2460.9,28,27
50755645035654,2021,69.35,46.55,2631.7,2606.6,126,117
50755720117689,2021,26.67,0.0,2506.6,2453.9,15,14
50755725030259,2021,54.76,14.17,2584.8,2517.4,126,127
50757390124669,2021,23.08,0.0,2533.5,2459.9,14,16
50757395030283,2021,57.17,24.49,2597.5,2544.5,446,445
50757395036884,2021,6.67,2.22,2441.6,2412.3,45,45
50757395037700,2021,48.4,21.04,2568.3,2542.4,470,462
51713735132758,2021,43.48,26.32,2577.0,2556.1,23,19
51713995130059,2021,27.78,,2491.3,,18,
51713995135256,2021,55.0,19.83,2580.3,2535.2,120,121
51714070109793,2021,60.0,33.33,2617.1,2601.9,28,21
51714150129007,2021,60.33,17.36,2604.6,2537.3,121,121
51714495130042,2021,15.38,,2457.2,,13,
51714495137500,2021,41.61,21.48,2570.0,2523.1,137,135
51714640107722,2021,53.49,23.05,2587.7,2527.4,303,295
51714645130018,2021,25.0,0.0,2518.2,2459.1,20,20
51714645130125,2021,35.29,11.76,2535.8,2490.1,17,17
51714645139001,2021,54.24,19.77,2587.0,2525.7,272,263
52105206119671,2021,27.59,0.0,2535.7,2482.4,29,29
52715060137414,2021,13.33,0.0,2484.9,2454.3,15,14
52715065231709,2021,38.85,13.46,2536.4,2501.6,160,156
52715220132597,2021,45.45,9.09,2594.1,2515.7,11,11
52715715235106,2021,40.82,10.2,2553.9,2513.9,49,49
52716395237151,2021,18.84,0.0,2507.1,2469.4,70,70
52716395237201,2021,35.48,25.8,2536.2,2542.5,310,314
53105380125633,2021,0.0,,2441.7,,11,
53750285337407,2021,81.82,40.91,2662.4,2599.7,22,22
53765135337456,2021,59.09,23.26,2598.1,2558.2,44,43
54105460119602,2021,78.26,67.39,2684.6,2691.8,46,46
54105465430061,2021,8.33,0.0,2452.7,2366.3,12,12
54105465430327,2021,25.81,0.0,2497.4,2434.5,31,31
54718605430806,2021,6.25,0.0,2470.4,2405.5,32,31
54718605433230,2021,53.46,22.64,2587.1,2548.9,217,215
54719935432414,2021,86.96,,2693.2,,23,
54721400136507,2021,26.13,4.5,2510.6,2457.3,111,111
54722490116368,2021,60.28,25.35,2598.4,2534.1,288,291
54722490130708,2021,35.24,7.62,2534.2,2498.4,105,105
54722490133793,2021,18.66,1.49,2500.8,2437.0,134,134
54722495430145,2021,0.0,,2458.2,,11,
54722495435409,2021,62.95,22.47,2610.1,2545.4,279,267
54722495435466,2021,56.2,17.8,2594.1,2533.8,398,382
54722565432828,2021,87.1,46.15,2671.8,2634.2,31,26
54722565434527,2021,88.0,54.17,2686.2,2644.3,25,24
54753255430210,2021,33.33,3.38,2543.0,2458.4,159,149
54753255430277,2021,0.0,,2450.3,,22,
54755230114348,2021,18.18,4.08,2508.4,2450.5,99,98
54755230116590,2021,89.74,38.46,2682.6,2601.1,117,117
54755230137968,2021,63.64,4.55,2608.8,2486.6,22,22
54755235430251,2021,47.52,19.43,2565.2,2526.3,243,248
54755235430624,2021,4.55,0.0,2447.4,2400.7,22,24
54755235432786,2021,52.26,17.4,2579.7,2529.7,444,414
54755235434113,2021,51.36,20.0,2587.4,2532.1,446,433
54755235434931,2021,30.23,10.47,2527.9,2495.9,87,86
54755315431184,2021,63.1,26.54,2608.7,2557.8,481,487
54767945436282,2021,47.41,22.73,2572.8,2548.3,119,110
55723895530019,2021,20.0,0.0,2496.7,2450.4,20,20
55723895530043,2021,30.77,0.0,2556.8,2478.5,26,24
55723895536503,2021,69.03,27.56,2624.0,2568.9,155,156
55724130112276,2021,48.57,12.12,2570.2,2499.3,35,33
55724135530191,2021,94.59,45.95,2728.9,2626.4,37,37
55724135536750,2021,70.49,18.64,2622.7,2539.5,61,59
55751845530076,2021,15.38,,2493.3,,13,
56105610109900,2021,42.59,8.98,2563.2,2501.7,264,246
56105610122713,2021,62.96,37.04,2629.9,2597.3,27,27
56725460120634,2021,46.34,16.67,2563.2,2536.7,41,42
56725460125674,2021,29.67,6.38,2504.3,2474.2,93,95
56725460131698,2021,87.26,63.16,2680.1,2656.8,158,153
56725460136804,2021,87.5,40.63,2674.1,2608.4,32,32
56725465630066,2021,14.81,0.0,2475.0,2437.1,27,15
56725465630389,2021,41.91,20.0,2559.5,2533.4,458,425
56725465631619,2021,61.82,42.12,2615.3,2607.3,330,350
56725465631742,2021,51.76,25.48,2573.8,2553.7,460,422
56725465632849,2021,42.29,19.84,2558.9,2531.2,411,380
56725465634548,2021,51.74,25.89,2573.6,2550.8,491,479
56725465634761,2021,48.48,28.97,2575.9,2561.9,303,255
56725530139592,2021,46.67,16.67,2566.6,2481.7,30,30
56726035630322,2021,67.13,46.21,2635.6,2612.2,144,145
56726035634993,2021,16.28,2.38,2486.1,2458.9,45,42
56726035635008,2021,44.23,19.44,2565.8,2534.8,156,145
56726035636188,2021,56.62,38.42,2594.8,2577.7,219,203
56726525630298,2021,79.31,50.0,2666.2,2631.2,29,30
56726525630348,2021,92.31,66.67,2708.0,2686.7,66,18
56726525630793,2021,66.95,38.46,2621.0,2583.3,238,236
56726525637822,2021,60.96,25.87,2606.6,2551.0,146,143
56737595630108,2021,25.0,6.25,2534.8,2485.7,21,16
56737595630116,2021,75.73,57.69,2655.2,2650.0,376,365
56737595633748,2021,76.35,60.0,2666.5,2658.5,151,140
56737595637004,2021,70.51,58.74,2643.7,2646.9,314,289
56738745630132,2021,84.92,72.98,2700.2,2693.0,326,322
56738745630256,2021,91.67,41.67,2689.6,2628.8,12,12
56739400121426,2021,23.08,14.29,2544.7,2493.7,13,14
56739405633250,2021,61.6,41.69,2612.7,2604.2,351,358
57726780119578,2021,81.33,59.46,2671.2,2638.6,75,74
57726785732201,2021,93.49,84.11,2728.9,2736.7,215,215
57726865732904,2021,19.05,22.22,2485.8,2477.1,42,27
57726940135939,2021,75.0,25.0,2652.7,2563.7,40,40
57726945735154,2021,58.82,33.33,2603.6,2571.3,400,369
57726945739552,2021,13.79,0.0,2453.6,2437.6,29,28
57727020139436,2021,58.33,16.67,2597.1,2501.4,12,12
57727025738505,2021,37.0,17.71,2551.8,2526.8,102,97
57727100101162,2021,62.93,40.16,2609.5,2594.2,264,249
57727105738802,2021,56.59,25.45,2585.5,2556.2,188,169
58105875830112,2021,28.26,0.0,2520.2,2461.9,46,45
58727286115935,2021,55.17,37.93,2596.7,2568.2,29,29
58727365830013,2021,40.52,19.44,2552.6,2532.2,119,145
58727365830096,2021,18.18,0.0,2484.2,2430.0,33,29
58727365830138,2021,78.57,27.78,2630.6,2571.0,56,55
58727365835202,2021,49.73,13.59,2573.2,2525.8,187,184
58727365872736,2021,6.25,0.0,2476.4,2422.9,16,16
